{
  "instrument": "ES",
  "best_params": {
    "t1_r": 1.0,
    "t1_fraction": 0.6,
    "t2_r": 3.0,
    "breakeven_r": 0.4,
    "max_stop_r": 1.4
  },
  "best_value": -0.21920903954802368,
  "best_metrics": {
    "total_r": -77.60000000000038,
    "pnl": -291.0,
    "win_rate": 59.32203389830508,
    "num_trades": 354,
    "avg_winner_r": 0.4955555555555542,
    "avg_loser_r": -1.2615740740740733,
    "rr_ratio": 0.39280733944954044
  },
  "all_trials": [
    {
      "number": 0,
      "params": {
        "t1_r": 1.2000000000000002,
        "t1_fraction": 0.6,
        "t2_r": 3.0,
        "breakeven_r": 0.6000000000000001,
        "max_stop_r": 1.2
      },
      "value": -0.23797551789077276,
      "metrics": {
        "total_r": -84.24333333333355,
        "pnl": -315.91250000000036,
        "win_rate": 56.779661016949156,
        "num_trades": 354,
        "avg_winner_r": 0.510398009950248,
        "avg_loser_r": -1.2211328976034854,
        "rr_ratio": 0.41797089485667066
      }
    },
    {
      "number": 1,
      "params": {
        "t1_r": 0.8,
        "t1_fraction": 0.3,
        "t2_r": 3.5,
        "breakeven_r": 0.6000000000000001,
        "max_stop_r": 1.6
      },
      "value": -0.27522598870056625,
      "metrics": {
        "total_r": -97.43000000000046,
        "pnl": -365.3625000000012,
        "win_rate": 61.5819209039548,
        "num_trades": 354,
        "avg_winner_r": 0.38258409785932646,
        "avg_loser_r": -1.3296568627450973,
        "rr_ratio": 0.28773145055595445
      }
    },
    {
      "number": 2,
      "params": {
        "t1_r": 0.8,
        "t1_fraction": 0.6,
        "t2_r": 3.5,
        "breakeven_r": 0.4,
        "max_stop_r": 1.2
      },
      "value": -0.2248870056497173,
      "metrics": {
        "total_r": -79.60999999999993,
        "pnl": -298.5374999999993,
        "win_rate": 61.5819209039548,
        "num_trades": 354,
        "avg_winner_r": 0.4643272171253824,
        "avg_loser_r": -1.3296568627450973,
        "rr_ratio": 0.3492083033864629
      }
    },
    {
      "number": 3,
      "params": {
        "t1_r": 1.0,
        "t1_fraction": 0.4,
        "t2_r": 3.0,
        "breakeven_r": 0.5,
        "max_stop_r": 1.4
      },
      "value": -0.2525423728813557,
      "metrics": {
        "total_r": -89.39999999999992,
        "pnl": -335.25,
        "win_rate": 59.32203389830508,
        "num_trades": 354,
        "avg_winner_r": 0.4393650793650796,
        "avg_loser_r": -1.2615740740740733,
        "rr_ratio": 0.3482673656618615
      }
    },
    {
      "number": 4,
      "params": {
        "t1_r": 1.4000000000000001,
        "t1_fraction": 0.3,
        "t2_r": 2.5,
        "breakeven_r": 0.5,
        "max_stop_r": 1.4
      },
      "value": -0.2952165725047084,
      "metrics": {
        "total_r": -104.50666666666677,
        "pnl": -391.9000000000004,
        "win_rate": 54.80225988700565,
        "num_trades": 354,
        "avg_winner_r": 0.44025773195876294,
        "avg_loser_r": -1.186979166666666,
        "rr_ratio": 0.37090603131234107
      }
    },
    {
      "number": 5,
      "params": {
        "t1_r": 1.6,
        "t1_fraction": 0.3,
        "t2_r": 3.0,
        "breakeven_r": 0.6000000000000001,
        "max_stop_r": 1.2
      },
      "value": -0.29030131826742017,
      "metrics": {
        "total_r": -102.76666666666674,
        "pnl": -385.3749999999997,
        "win_rate": 54.51977401129944,
        "num_trades": 354,
        "avg_winner_r": 0.4468048359240066,
        "avg_loser_r": -1.1739130434782603,
        "rr_ratio": 0.380611526898228
      }
    },
    {
      "number": 6,
      "params": {
        "t1_r": 1.4000000000000001,
        "t1_fraction": 0.3,
        "t2_r": 2.0,
        "breakeven_r": 0.7,
        "max_stop_r": 1.8
      },
      "value": -0.28532956685499095,
      "metrics": {
        "total_r": -101.0066666666668,
        "pnl": -378.7750000000004,
        "win_rate": 54.80225988700565,
        "num_trades": 354,
        "avg_winner_r": 0.4582989690721648,
        "avg_loser_r": -1.186979166666666,
        "rr_ratio": 0.38610531839339923
      }
    },
    {
      "number": 7,
      "params": {
        "t1_r": 1.6,
        "t1_fraction": 0.4,
        "t2_r": 2.0,
        "breakeven_r": 0.6000000000000001,
        "max_stop_r": 1.4
      },
      "value": -0.2467984934086632,
      "metrics": {
        "total_r": -87.36666666666677,
        "pnl": -327.62500000000057,
        "win_rate": 54.51977401129944,
        "num_trades": 354,
        "avg_winner_r": 0.5265975820379962,
        "avg_loser_r": -1.1739130434782603,
        "rr_ratio": 0.4485831254397748
      }
    },
    {
      "number": 8,
      "params": {
        "t1_r": 0.8,
        "t1_fraction": 0.4,
        "t2_r": 2.0,
        "breakeven_r": 0.7,
        "max_stop_r": 1.4
      },
      "value": -0.2601412429378547,
      "metrics": {
        "total_r": -92.09000000000056,
        "pnl": -345.3375000000007,
        "win_rate": 61.5819209039548,
        "num_trades": 354,
        "avg_winner_r": 0.4070795107033625,
        "avg_loser_r": -1.3296568627450973,
        "rr_ratio": 0.30615380712805895
      }
    },
    {
      "number": 9,
      "params": {
        "t1_r": 1.4000000000000001,
        "t1_fraction": 0.4,
        "t2_r": 3.0,
        "breakeven_r": 0.6000000000000001,
        "max_stop_r": 1.2
      },
      "value": -0.2759510357815445,
      "metrics": {
        "total_r": -97.68666666666675,
        "pnl": -366.32499999999936,
        "win_rate": 54.80225988700565,
        "num_trades": 354,
        "avg_winner_r": 0.4754123711340205,
        "avg_loser_r": -1.186979166666666,
        "rr_ratio": 0.4005229278531461
      }
    },
    {
      "number": 10,
      "params": {
        "t1_r": 1.8,
        "t1_fraction": 0.6,
        "t2_r": 3.5,
        "breakeven_r": 0.4,
        "max_stop_r": 1.8
      },
      "value": -0.23771186440678013,
      "metrics": {
        "total_r": -84.15000000000016,
        "pnl": -315.5624999999998,
        "win_rate": 54.23728813559322,
        "num_trades": 354,
        "avg_winner_r": 0.5439236111111103,
        "avg_loser_r": -1.1640946502057608,
        "rr_ratio": 0.4672503314184706
      }
    },
    {
      "number": 11,
      "params": {
        "t1_r": 1.8,
        "t1_fraction": 0.6,
        "t2_r": 3.5,
        "breakeven_r": 0.4,
        "max_stop_r": 1.8
      },
      "value": -0.23771186440678013,
      "metrics": {
        "total_r": -84.15000000000016,
        "pnl": -315.5624999999998,
        "win_rate": 54.23728813559322,
        "num_trades": 354,
        "avg_winner_r": 0.5439236111111103,
        "avg_loser_r": -1.1640946502057608,
        "rr_ratio": 0.4672503314184706
      }
    },
    {
      "number": 12,
      "params": {
        "t1_r": 1.8,
        "t1_fraction": 0.6,
        "t2_r": 3.5,
        "breakeven_r": 0.4,
        "max_stop_r": 1.8
      },
      "value": -0.23771186440678013,
      "metrics": {
        "total_r": -84.15000000000016,
        "pnl": -315.5624999999998,
        "win_rate": 54.23728813559322,
        "num_trades": 354,
        "avg_winner_r": 0.5439236111111103,
        "avg_loser_r": -1.1640946502057608,
        "rr_ratio": 0.4672503314184706
      }
    },
    {
      "number": 13,
      "params": {
        "t1_r": 1.0,
        "t1_fraction": 0.5,
        "t2_r": 3.5,
        "breakeven_r": 0.4,
        "max_stop_r": 1.6
      },
      "value": -0.23446327683615864,
      "metrics": {
        "total_r": -83.00000000000016,
        "pnl": -311.25,
        "win_rate": 59.32203389830508,
        "num_trades": 354,
        "avg_winner_r": 0.46984126984126934,
        "avg_loser_r": -1.2615740740740733,
        "rr_ratio": 0.37242463958060273
      }
    },
    {
      "number": 14,
      "params": {
        "t1_r": 1.0,
        "t1_fraction": 0.5,
        "t2_r": 2.5,
        "breakeven_r": 0.5,
        "max_stop_r": 1.6
      },
      "value": -0.23728813559322082,